user_id,name,address,zip_code,phone_number,email
user001,Elisa Miles,4490 Union Street,98109,206-922-0882,elisa.miles@yahoo.com
user002,Maya Data,4936 Elliot Avenue,98115,206-777-1927,mdata@uw.edu
user003,Andy Norris,348 Terra Street,98501,206-309-2533,andy.norris@gmail.com
user004,Flor Matatena,885 Boone Crockett Lane,97209,206-414-2629,matseattle@pge.com
user005,Dan Sounders,861 Honeysuckle Lane,98244,206-279-1723,soundersoccer@mls.com
user006,Leo Dembele,2725 Mutton Town Road,98368,206-203-1294,leo.dembele@comcast.com
user007,Pete Nicholas,668 Elliot Avenue,98115,206-279-8759,nicholasp@amazon.com
user008,Shirlene Harris,4329 Honeysuckle Lane,98055,206-279-5340,harrisfamily@gmail.com
user009,Nick Rather,4679 Goodwin Avenue,98619,206-777-1965,nick.rather@microsoft.com
user010,Jose Garza,2717 Raccoon Run,98116,206-946-8200,joegarza@boeing.com
user011,Elisa Miles,4490 Union Street,98109,206-922-0882,
user012,Maya Data,4936 Elliot Avenue,98115,206-777-1927,
user013,Andy Norris,348 Terra Street,98501,206-309-2533,
user014,Flor Matatena,885 Boone Crockett Lane,97209,206-414-2629,
user015,Dan Sounders,861 Honeysuckle Lane,98244,206-279-1723,
user016,Leo Dembele,2725 Mutton Town Road,98368,206-203-1294,
user017,Pete Nicholas,668 Elliot Avenue,98115,206-279-8759,
user018,Shirlene Harris,4329 Honeysuckle Lane,98055,206-279-5340,
user019,Nick Rather,4679 Goodwin Avenue,98619,206-777-1965,
user020,Jose Garza,2717 Raccoon Run,98116,206-946-8200,
user021,Elisa Miles,4490 Union Street,98109,206-922-0882,
user022,Maya Data,4936 Elliot Avenue,98115,206-777-1927,
user023,Andy Norris,348 Terra Street,98501,206-309-2533,
user024,Flor Matatena,885 Boone Crockett Lane,97209,206-414-2629,
user025,Dan Sounders,861 Honeysuckle Lane,98244,206-279-1723,
user026,Leo Dembele,2725 Mutton Town Road,98368,206-203-1294,
user027,Pete Nicholas,668 Elliot Avenue,98115,206-279-8759,
user028,Shirlene Harris,4329 Honeysuckle Lane,98055,206-279-5340,
user029,Nick Rather,4679 Goodwin Avenue,98619,206-777-1965,
user030,Jose Garza,2717 Raccoon Run,98116,206-946-8200,
user031,Elisa Miles,4490 Union Street,98109,206-922-0882,
user032,Maya Data,4936 Elliot Avenue,98115,206-777-1927,
user033,Andy Norris,348 Terra Street,98501,206-309-2533,
user034,Flor Matatena,885 Boone Crockett Lane,97209,206-414-2629,
user035,Dan Sounders,861 Honeysuckle Lane,98244,206-279-1723,
user036,Leo Dembele,2725 Mutton Town Road,98368,206-203-1294,
user037,Pete Nicholas,668 Elliot Avenue,98115,206-279-8759,
user038,Shirlene Harris,4329 Honeysuckle Lane,98055,206-279-5340,
user039,Nick Rather,4679 Goodwin Avenue,98619,206-777-1965,
user040,Jose Garza,2717 Raccoon Run,98116,206-946-8200,
user041,Elisa Miles,4490 Union Street,98109,206-922-0882,
user042,Maya Data,4936 Elliot Avenue,98115,206-777-1927,
user043,Andy Norris,348 Terra Street,98501,206-309-2533,
user044,Flor Matatena,885 Boone Crockett Lane,97209,206-414-2629,
user045,Dan Sounders,861 Honeysuckle Lane,98244,206-279-1723,
user046,Leo Dembele,2725 Mutton Town Road,98368,206-203-1294,
user047,Pete Nicholas,668 Elliot Avenue,98115,206-279-8759,
user048,Shirlene Harris,4329 Honeysuckle Lane,98055,206-279-5340,
user049,Nick Rather,4679 Goodwin Avenue,98619,206-777-1965,
user050,Jose Garza,2717 Raccoon Run,98116,206-946-8200,
user051,Elisa Miles,4490 Union Street,98109,206-922-0882,
user052,Maya Data,4936 Elliot Avenue,98115,206-777-1927,
user053,Andy Norris,348 Terra Street,98501,206-309-2533,
user054,Flor Matatena,885 Boone Crockett Lane,97209,206-414-2629,
user055,Dan Sounders,861 Honeysuckle Lane,98244,206-279-1723,
user056,Leo Dembele,2725 Mutton Town Road,98368,206-203-1294,
user057,Pete Nicholas,668 Elliot Avenue,98115,206-279-8759,
user058,Shirlene Harris,4329 Honeysuckle Lane,98055,206-279-5340,
user059,Nick Rather,4679 Goodwin Avenue,98619,206-777-1965,
user060,Jose Garza,2717 Raccoon Run,98116,206-946-8200,
user061,Elisa Miles,4490 Union Street,98109,206-922-0882,
user062,Maya Data,4936 Elliot Avenue,98115,206-777-1927,
user063,Andy Norris,348 Terra Street,98501,206-309-2533,
user064,Flor Matatena,885 Boone Crockett Lane,97209,206-414-2629,
user065,Dan Sounders,861 Honeysuckle Lane,98244,206-279-1723,
user066,Leo Dembele,2725 Mutton Town Road,98368,206-203-1294,
user067,Pete Nicholas,668 Elliot Avenue,98115,206-279-8759,
user068,Shirlene Harris,4329 Honeysuckle Lane,98055,206-279-5340,
user069,Nick Rather,4679 Goodwin Avenue,98619,206-777-1965,
user070,Jose Garza,2717 Raccoon Run,98116,206-946-8200,
user071,Elisa Miles,4490 Union Street,98109,206-922-0882,
user072,Maya Data,4936 Elliot Avenue,98115,206-777-1927,
user073,Andy Norris,348 Terra Street,98501,206-309-2533,
user074,Flor Matatena,885 Boone Crockett Lane,97209,206-414-2629,
user075,Dan Sounders,861 Honeysuckle Lane,98244,206-279-1723,
user076,Leo Dembele,2725 Mutton Town Road,98368,206-203-1294,
user077,Pete Nicholas,668 Elliot Avenue,98115,206-279-8759,
user078,Shirlene Harris,4329 Honeysuckle Lane,98055,206-279-5340,
user079,Nick Rather,4679 Goodwin Avenue,98619,206-777-1965,
user080,Jose Garza,2717 Raccoon Run,98116,206-946-8200,
user081,Elisa Miles,4490 Union Street,98109,206-922-0882,
user082,Maya Data,4936 Elliot Avenue,98115,206-777-1927,
user083,Andy Norris,348 Terra Street,98501,206-309-2533,
user084,Flor Matatena,885 Boone Crockett Lane,97209,206-414-2629,
user085,Dan Sounders,861 Honeysuckle Lane,98244,206-279-1723,
user086,Leo Dembele,2725 Mutton Town Road,98368,206-203-1294,
user087,Pete Nicholas,668 Elliot Avenue,98115,206-279-8759,
user088,Shirlene Harris,4329 Honeysuckle Lane,98055,206-279-5340,
user089,Nick Rather,4679 Goodwin Avenue,98619,206-777-1965,
user090,Jose Garza,2717 Raccoon Run,98116,206-946-8200,
user091,Elisa Miles,4490 Union Street,98109,206-922-0882,
user092,Maya Data,4936 Elliot Avenue,98115,206-777-1927,
user093,Andy Norris,348 Terra Street,98501,206-309-2533,
user094,Flor Matatena,885 Boone Crockett Lane,97209,206-414-2629,
user095,Dan Sounders,861 Honeysuckle Lane,98244,206-279-1723,
user096,Leo Dembele,2725 Mutton Town Road,98368,206-203-1294,
user097,Pete Nicholas,668 Elliot Avenue,98115,206-279-8759,
user098,Shirlene Harris,4329 Honeysuckle Lane,98055,206-279-5340,
user099,Nick Rather,4679 Goodwin Avenue,98619,206-777-1965,
user100,Jose Garza,2717 Raccoon Run,98116,206-946-8200,
user101,Elisa Miles,4490 Union Street,98109,206-922-0882,
user102,Maya Data,4936 Elliot Avenue,98115,206-777-1927,
user103,Andy Norris,348 Terra Street,98501,206-309-2533,
user104,Flor Matatena,885 Boone Crockett Lane,97209,206-414-2629,
user105,Dan Sounders,861 Honeysuckle Lane,98244,206-279-1723,
user106,Leo Dembele,2725 Mutton Town Road,98368,206-203-1294,
user107,Pete Nicholas,668 Elliot Avenue,98115,206-279-8759,
user108,Shirlene Harris,4329 Honeysuckle Lane,98055,206-279-5340,
user109,Nick Rather,4679 Goodwin Avenue,98619,206-777-1965,
user110,Jose Garza,2717 Raccoon Run,98116,206-946-8200,
user111,Elisa Miles,4490 Union Street,98109,206-922-0882,
user112,Maya Data,4936 Elliot Avenue,98115,206-777-1927,
user113,Andy Norris,348 Terra Street,98501,206-309-2533,
user114,Flor Matatena,885 Boone Crockett Lane,97209,206-414-2629,
user115,Dan Sounders,861 Honeysuckle Lane,98244,206-279-1723,
user116,Leo Dembele,2725 Mutton Town Road,98368,206-203-1294,
user117,Pete Nicholas,668 Elliot Avenue,98115,206-279-8759,
user118,Shirlene Harris,4329 Honeysuckle Lane,98055,206-279-5340,
user119,Nick Rather,4679 Goodwin Avenue,98619,206-777-1965,
user120,Jose Garza,2717 Raccoon Run,98116,206-946-8200,
user121,Elisa Miles,4490 Union Street,98109,206-922-0882,
user122,Maya Data,4936 Elliot Avenue,98115,206-777-1927,
user123,Andy Norris,348 Terra Street,98501,206-309-2533,
user124,Flor Matatena,885 Boone Crockett Lane,97209,206-414-2629,
user125,Dan Sounders,861 Honeysuckle Lane,98244,206-279-1723,
user126,Leo Dembele,2725 Mutton Town Road,98368,206-203-1294,
user127,Pete Nicholas,668 Elliot Avenue,98115,206-279-8759,
user128,Shirlene Harris,4329 Honeysuckle Lane,98055,206-279-5340,
user129,Nick Rather,4679 Goodwin Avenue,98619,206-777-1965,
user130,Jose Garza,2717 Raccoon Run,98116,206-946-8200,
user131,Elisa Miles,4490 Union Street,98109,206-922-0882,
user132,Maya Data,4936 Elliot Avenue,98115,206-777-1927,
user133,Andy Norris,348 Terra Street,98501,206-309-2533,
user134,Flor Matatena,885 Boone Crockett Lane,97209,206-414-2629,
user135,Dan Sounders,861 Honeysuckle Lane,98244,206-279-1723,
user136,Leo Dembele,2725 Mutton Town Road,98368,206-203-1294,
user137,Pete Nicholas,668 Elliot Avenue,98115,206-279-8759,
user138,Shirlene Harris,4329 Honeysuckle Lane,98055,206-279-5340,
user139,Nick Rather,4679 Goodwin Avenue,98619,206-777-1965,
user140,Jose Garza,2717 Raccoon Run,98116,206-946-8200,
user141,Elisa Miles,4490 Union Street,98109,206-922-0882,
user142,Maya Data,4936 Elliot Avenue,98115,206-777-1927,
user143,Andy Norris,348 Terra Street,98501,206-309-2533,
user144,Flor Matatena,885 Boone Crockett Lane,97209,206-414-2629,
user145,Dan Sounders,861 Honeysuckle Lane,98244,206-279-1723,
user146,Leo Dembele,2725 Mutton Town Road,98368,206-203-1294,
user147,Pete Nicholas,668 Elliot Avenue,98115,206-279-8759,
user148,Shirlene Harris,4329 Honeysuckle Lane,98055,206-279-5340,
user149,Nick Rather,4679 Goodwin Avenue,98619,206-777-1965,
user150,Jose Garza,2717 Raccoon Run,98116,206-946-8200,
user151,Elisa Miles,4490 Union Street,98109,206-922-0882,
user152,Maya Data,4936 Elliot Avenue,98115,206-777-1927,
user153,Andy Norris,348 Terra Street,98501,206-309-2533,
user154,Flor Matatena,885 Boone Crockett Lane,97209,206-414-2629,
user155,Dan Sounders,861 Honeysuckle Lane,98244,206-279-1723,
user156,Leo Dembele,2725 Mutton Town Road,98368,206-203-1294,
user157,Pete Nicholas,668 Elliot Avenue,98115,206-279-8759,
user158,Shirlene Harris,4329 Honeysuckle Lane,98055,206-279-5340,
user159,Nick Rather,4679 Goodwin Avenue,98619,206-777-1965,
user160,Jose Garza,2717 Raccoon Run,98116,206-946-8200,
user161,Elisa Miles,4490 Union Street,98109,206-922-0882,
user162,Maya Data,4936 Elliot Avenue,98115,206-777-1927,
user163,Andy Norris,348 Terra Street,98501,206-309-2533,
user164,Flor Matatena,885 Boone Crockett Lane,97209,206-414-2629,
user165,Dan Sounders,861 Honeysuckle Lane,98244,206-279-1723,
user166,Leo Dembele,2725 Mutton Town Road,98368,206-203-1294,
user167,Pete Nicholas,668 Elliot Avenue,98115,206-279-8759,
user168,Shirlene Harris,4329 Honeysuckle Lane,98055,206-279-5340,
user169,Nick Rather,4679 Goodwin Avenue,98619,206-777-1965,
user170,Jose Garza,2717 Raccoon Run,98116,206-946-8200,
user171,Elisa Miles,4490 Union Street,98109,206-922-0882,
user172,Maya Data,4936 Elliot Avenue,98115,206-777-1927,
user173,Andy Norris,348 Terra Street,98501,206-309-2533,
user174,Flor Matatena,885 Boone Crockett Lane,97209,206-414-2629,
user175,Dan Sounders,861 Honeysuckle Lane,98244,206-279-1723,
user176,Leo Dembele,2725 Mutton Town Road,98368,206-203-1294,
user177,Pete Nicholas,668 Elliot Avenue,98115,206-279-8759,
user178,Shirlene Harris,4329 Honeysuckle Lane,98055,206-279-5340,
user179,Nick Rather,4679 Goodwin Avenue,98619,206-777-1965,
user180,Jose Garza,2717 Raccoon Run,98116,206-946-8200,
user181,Elisa Miles,4490 Union Street,98109,206-922-0882,
user182,Maya Data,4936 Elliot Avenue,98115,206-777-1927,
user183,Andy Norris,348 Terra Street,98501,206-309-2533,
user184,Flor Matatena,885 Boone Crockett Lane,97209,206-414-2629,
user185,Dan Sounders,861 Honeysuckle Lane,98244,206-279-1723,
user186,Leo Dembele,2725 Mutton Town Road,98368,206-203-1294,
user187,Pete Nicholas,668 Elliot Avenue,98115,206-279-8759,
user188,Shirlene Harris,4329 Honeysuckle Lane,98055,206-279-5340,
user189,Nick Rather,4679 Goodwin Avenue,98619,206-777-1965,
user190,Jose Garza,2717 Raccoon Run,98116,206-946-8200,
user191,Elisa Miles,4490 Union Street,98109,206-922-0882,
user192,Maya Data,4936 Elliot Avenue,98115,206-777-1927,
user193,Andy Norris,348 Terra Street,98501,206-309-2533,
user194,Flor Matatena,885 Boone Crockett Lane,97209,206-414-2629,
user195,Dan Sounders,861 Honeysuckle Lane,98244,206-279-1723,
user196,Leo Dembele,2725 Mutton Town Road,98368,206-203-1294,
user197,Pete Nicholas,668 Elliot Avenue,98115,206-279-8759,
user198,Shirlene Harris,4329 Honeysuckle Lane,98055,206-279-5340,
user199,Nick Rather,4679 Goodwin Avenue,98619,206-777-1965,
user200,Jose Garza,2717 Raccoon Run,98116,206-946-8200,
user201,Elisa Miles,4490 Union Street,98109,206-922-0882,
user202,Maya Data,4936 Elliot Avenue,98115,206-777-1927,
user203,Andy Norris,348 Terra Street,98501,206-309-2533,
user204,Flor Matatena,885 Boone Crockett Lane,97209,206-414-2629,
user205,Dan Sounders,861 Honeysuckle Lane,98244,206-279-1723,
user206,Leo Dembele,2725 Mutton Town Road,98368,206-203-1294,
user207,Pete Nicholas,668 Elliot Avenue,98115,206-279-8759,
user208,Shirlene Harris,4329 Honeysuckle Lane,98055,206-279-5340,
user209,Nick Rather,4679 Goodwin Avenue,98619,206-777-1965,
user210,Jose Garza,2717 Raccoon Run,98116,206-946-8200,
user211,Elisa Miles,4490 Union Street,98109,206-922-0882,
user212,Maya Data,4936 Elliot Avenue,98115,206-777-1927,
user213,Andy Norris,348 Terra Street,98501,206-309-2533,
user214,Flor Matatena,885 Boone Crockett Lane,97209,206-414-2629,
user215,Dan Sounders,861 Honeysuckle Lane,98244,206-279-1723,
user216,Leo Dembele,2725 Mutton Town Road,98368,206-203-1294,
user217,Pete Nicholas,668 Elliot Avenue,98115,206-279-8759,
user218,Shirlene Harris,4329 Honeysuckle Lane,98055,206-279-5340,
user219,Nick Rather,4679 Goodwin Avenue,98619,206-777-1965,
user220,Jose Garza,2717 Raccoon Run,98116,206-946-8200,
user221,Elisa Miles,4490 Union Street,98109,206-922-0882,
user222,Maya Data,4936 Elliot Avenue,98115,206-777-1927,
user223,Andy Norris,348 Terra Street,98501,206-309-2533,
user224,Flor Matatena,885 Boone Crockett Lane,97209,206-414-2629,
user225,Dan Sounders,861 Honeysuckle Lane,98244,206-279-1723,
user226,Leo Dembele,2725 Mutton Town Road,98368,206-203-1294,
user227,Pete Nicholas,668 Elliot Avenue,98115,206-279-8759,
user228,Shirlene Harris,4329 Honeysuckle Lane,98055,206-279-5340,
user229,Nick Rather,4679 Goodwin Avenue,98619,206-777-1965,
user230,Jose Garza,2717 Raccoon Run,98116,206-946-8200,
user231,Elisa Miles,4490 Union Street,98109,206-922-0882,
user232,Maya Data,4936 Elliot Avenue,98115,206-777-1927,
user233,Andy Norris,348 Terra Street,98501,206-309-2533,
user234,Flor Matatena,885 Boone Crockett Lane,97209,206-414-2629,
user235,Dan Sounders,861 Honeysuckle Lane,98244,206-279-1723,
user236,Leo Dembele,2725 Mutton Town Road,98368,206-203-1294,
user237,Pete Nicholas,668 Elliot Avenue,98115,206-279-8759,
user238,Shirlene Harris,4329 Honeysuckle Lane,98055,206-279-5340,
user239,Nick Rather,4679 Goodwin Avenue,98619,206-777-1965,
user240,Jose Garza,2717 Raccoon Run,98116,206-946-8200,
user241,Elisa Miles,4490 Union Street,98109,206-922-0882,
user242,Maya Data,4936 Elliot Avenue,98115,206-777-1927,
user243,Andy Norris,348 Terra Street,98501,206-309-2533,
user244,Flor Matatena,885 Boone Crockett Lane,97209,206-414-2629,
user245,Dan Sounders,861 Honeysuckle Lane,98244,206-279-1723,
user246,Leo Dembele,2725 Mutton Town Road,98368,206-203-1294,
user247,Pete Nicholas,668 Elliot Avenue,98115,206-279-8759,
user248,Shirlene Harris,4329 Honeysuckle Lane,98055,206-279-5340,
user249,Nick Rather,4679 Goodwin Avenue,98619,206-777-1965,
user250,Jose Garza,2717 Raccoon Run,98116,206-946-8200,
user251,Elisa Miles,4490 Union Street,98109,206-922-0882,
user252,Maya Data,4936 Elliot Avenue,98115,206-777-1927,
user253,Andy Norris,348 Terra Street,98501,206-309-2533,
user254,Flor Matatena,885 Boone Crockett Lane,97209,206-414-2629,
user255,Dan Sounders,861 Honeysuckle Lane,98244,206-279-1723,
user256,Leo Dembele,2725 Mutton Town Road,98368,206-203-1294,
user257,Pete Nicholas,668 Elliot Avenue,98115,206-279-8759,
user258,Shirlene Harris,4329 Honeysuckle Lane,98055,206-279-5340,
user259,Nick Rather,4679 Goodwin Avenue,98619,206-777-1965,
user260,Jose Garza,2717 Raccoon Run,98116,206-946-8200,
user261,Elisa Miles,4490 Union Street,98109,206-922-0882,
user262,Maya Data,4936 Elliot Avenue,98115,206-777-1927,
user263,Andy Norris,348 Terra Street,98501,206-309-2533,
user264,Flor Matatena,885 Boone Crockett Lane,97209,206-414-2629,
user265,Dan Sounders,861 Honeysuckle Lane,98244,206-279-1723,
user266,Leo Dembele,2725 Mutton Town Road,98368,206-203-1294,
user267,Pete Nicholas,668 Elliot Avenue,98115,206-279-8759,
user268,Shirlene Harris,4329 Honeysuckle Lane,98055,206-279-5340,
user269,Nick Rather,4679 Goodwin Avenue,98619,206-777-1965,
user270,Jose Garza,2717 Raccoon Run,98116,206-946-8200,
user271,Elisa Miles,4490 Union Street,98109,206-922-0882,
user272,Maya Data,4936 Elliot Avenue,98115,206-777-1927,
user273,Andy Norris,348 Terra Street,98501,206-309-2533,
user274,Flor Matatena,885 Boone Crockett Lane,97209,206-414-2629,
user275,Dan Sounders,861 Honeysuckle Lane,98244,206-279-1723,
user276,Leo Dembele,2725 Mutton Town Road,98368,206-203-1294,
user277,Pete Nicholas,668 Elliot Avenue,98115,206-279-8759,
user278,Shirlene Harris,4329 Honeysuckle Lane,98055,206-279-5340,
user279,Nick Rather,4679 Goodwin Avenue,98619,206-777-1965,
user280,Jose Garza,2717 Raccoon Run,98116,206-946-8200,
user281,Elisa Miles,4490 Union Street,98109,206-922-0882,
user282,Maya Data,4936 Elliot Avenue,98115,206-777-1927,
user283,Andy Norris,348 Terra Street,98501,206-309-2533,
user284,Flor Matatena,885 Boone Crockett Lane,97209,206-414-2629,
user285,Dan Sounders,861 Honeysuckle Lane,98244,206-279-1723,
user286,Leo Dembele,2725 Mutton Town Road,98368,206-203-1294,
user287,Pete Nicholas,668 Elliot Avenue,98115,206-279-8759,
user288,Shirlene Harris,4329 Honeysuckle Lane,98055,206-279-5340,
user289,Nick Rather,4679 Goodwin Avenue,98619,206-777-1965,
user290,Jose Garza,2717 Raccoon Run,98116,206-946-8200,
user291,Elisa Miles,4490 Union Street,98109,206-922-0882,
user292,Maya Data,4936 Elliot Avenue,98115,206-777-1927,
user293,Andy Norris,348 Terra Street,98501,206-309-2533,
user294,Flor Matatena,885 Boone Crockett Lane,97209,206-414-2629,
user295,Dan Sounders,861 Honeysuckle Lane,98244,206-279-1723,
user296,Leo Dembele,2725 Mutton Town Road,98368,206-203-1294,
user297,Pete Nicholas,668 Elliot Avenue,98115,206-279-8759,
user298,Shirlene Harris,4329 Honeysuckle Lane,98055,206-279-5340,
user299,Nick Rather,4679 Goodwin Avenue,98619,206-777-1965,
user300,Jose Garza,2717 Raccoon Run,98116,206-946-8200,
user301,Elisa Miles,4490 Union Street,98109,206-922-0882,
user302,Maya Data,4936 Elliot Avenue,98115,206-777-1927,
user303,Andy Norris,348 Terra Street,98501,206-309-2533,
user304,Flor Matatena,885 Boone Crockett Lane,97209,206-414-2629,
user305,Dan Sounders,861 Honeysuckle Lane,98244,206-279-1723,
user306,Leo Dembele,2725 Mutton Town Road,98368,206-203-1294,
user307,Pete Nicholas,668 Elliot Avenue,98115,206-279-8759,
user308,Shirlene Harris,4329 Honeysuckle Lane,98055,206-279-5340,
user309,Nick Rather,4679 Goodwin Avenue,98619,206-777-1965,
user310,Jose Garza,2717 Raccoon Run,98116,206-946-8200,
user311,Elisa Miles,4490 Union Street,98109,206-922-0882,
user312,Maya Data,4936 Elliot Avenue,98115,206-777-1927,
user313,Andy Norris,348 Terra Street,98501,206-309-2533,
user314,Flor Matatena,885 Boone Crockett Lane,97209,206-414-2629,
user315,Dan Sounders,861 Honeysuckle Lane,98244,206-279-1723,
user316,Leo Dembele,2725 Mutton Town Road,98368,206-203-1294,
user317,Pete Nicholas,668 Elliot Avenue,98115,206-279-8759,
user318,Shirlene Harris,4329 Honeysuckle Lane,98055,206-279-5340,
user319,Nick Rather,4679 Goodwin Avenue,98619,206-777-1965,
user320,Jose Garza,2717 Raccoon Run,98116,206-946-8200,
user321,Elisa Miles,4490 Union Street,98109,206-922-0882,
user322,Maya Data,4936 Elliot Avenue,98115,206-777-1927,
user323,Andy Norris,348 Terra Street,98501,206-309-2533,
user324,Flor Matatena,885 Boone Crockett Lane,97209,206-414-2629,
user325,Dan Sounders,861 Honeysuckle Lane,98244,206-279-1723,
user326,Leo Dembele,2725 Mutton Town Road,98368,206-203-1294,
user327,Pete Nicholas,668 Elliot Avenue,98115,206-279-8759,
user328,Shirlene Harris,4329 Honeysuckle Lane,98055,206-279-5340,
user329,Nick Rather,4679 Goodwin Avenue,98619,206-777-1965,
user330,Jose Garza,2717 Raccoon Run,98116,206-946-8200,
user331,Elisa Miles,4490 Union Street,98109,206-922-0882,
user332,Maya Data,4936 Elliot Avenue,98115,206-777-1927,
user333,Andy Norris,348 Terra Street,98501,206-309-2533,
user334,Flor Matatena,885 Boone Crockett Lane,97209,206-414-2629,
user335,Dan Sounders,861 Honeysuckle Lane,98244,206-279-1723,
user336,Leo Dembele,2725 Mutton Town Road,98368,206-203-1294,
user337,Pete Nicholas,668 Elliot Avenue,98115,206-279-8759,
user338,Shirlene Harris,4329 Honeysuckle Lane,98055,206-279-5340,
user339,Nick Rather,4679 Goodwin Avenue,98619,206-777-1965,
user340,Jose Garza,2717 Raccoon Run,98116,206-946-8200,
user341,Elisa Miles,4490 Union Street,98109,206-922-0882,
user342,Maya Data,4936 Elliot Avenue,98115,206-777-1927,
user343,Andy Norris,348 Terra Street,98501,206-309-2533,
user344,Flor Matatena,885 Boone Crockett Lane,97209,206-414-2629,
user345,Dan Sounders,861 Honeysuckle Lane,98244,206-279-1723,
user346,Leo Dembele,2725 Mutton Town Road,98368,206-203-1294,
user347,Pete Nicholas,668 Elliot Avenue,98115,206-279-8759,
user348,Shirlene Harris,4329 Honeysuckle Lane,98055,206-279-5340,
user349,Nick Rather,4679 Goodwin Avenue,98619,206-777-1965,
user350,Jose Garza,2717 Raccoon Run,98116,206-946-8200,
user351,Elisa Miles,4490 Union Street,98109,206-922-0882,
user352,Maya Data,4936 Elliot Avenue,98115,206-777-1927,
user353,Andy Norris,348 Terra Street,98501,206-309-2533,
user354,Flor Matatena,885 Boone Crockett Lane,97209,206-414-2629,
user355,Dan Sounders,861 Honeysuckle Lane,98244,206-279-1723,
user356,Leo Dembele,2725 Mutton Town Road,98368,206-203-1294,
user357,Pete Nicholas,668 Elliot Avenue,98115,206-279-8759,
user358,Shirlene Harris,4329 Honeysuckle Lane,98055,206-279-5340,
user359,Nick Rather,4679 Goodwin Avenue,98619,206-777-1965,
user360,Jose Garza,2717 Raccoon Run,98116,206-946-8200,
user361,Elisa Miles,4490 Union Street,98109,206-922-0882,
user362,Maya Data,4936 Elliot Avenue,98115,206-777-1927,
user363,Andy Norris,348 Terra Street,98501,206-309-2533,
user364,Flor Matatena,885 Boone Crockett Lane,97209,206-414-2629,
user365,Dan Sounders,861 Honeysuckle Lane,98244,206-279-1723,
user366,Leo Dembele,2725 Mutton Town Road,98368,206-203-1294,
user367,Pete Nicholas,668 Elliot Avenue,98115,206-279-8759,
user368,Shirlene Harris,4329 Honeysuckle Lane,98055,206-279-5340,
user369,Nick Rather,4679 Goodwin Avenue,98619,206-777-1965,
user370,Jose Garza,2717 Raccoon Run,98116,206-946-8200,
user371,Elisa Miles,4490 Union Street,98109,206-922-0882,
user372,Maya Data,4936 Elliot Avenue,98115,206-777-1927,
user373,Andy Norris,348 Terra Street,98501,206-309-2533,
user374,Flor Matatena,885 Boone Crockett Lane,97209,206-414-2629,
user375,Dan Sounders,861 Honeysuckle Lane,98244,206-279-1723,
user376,Leo Dembele,2725 Mutton Town Road,98368,206-203-1294,
user377,Pete Nicholas,668 Elliot Avenue,98115,206-279-8759,
user378,Shirlene Harris,4329 Honeysuckle Lane,98055,206-279-5340,
user379,Nick Rather,4679 Goodwin Avenue,98619,206-777-1965,
user380,Jose Garza,2717 Raccoon Run,98116,206-946-8200,
user381,Elisa Miles,4490 Union Street,98109,206-922-0882,
user382,Maya Data,4936 Elliot Avenue,98115,206-777-1927,
user383,Andy Norris,348 Terra Street,98501,206-309-2533,
user384,Flor Matatena,885 Boone Crockett Lane,97209,206-414-2629,
user385,Dan Sounders,861 Honeysuckle Lane,98244,206-279-1723,
user386,Leo Dembele,2725 Mutton Town Road,98368,206-203-1294,
user387,Pete Nicholas,668 Elliot Avenue,98115,206-279-8759,
user388,Shirlene Harris,4329 Honeysuckle Lane,98055,206-279-5340,
user389,Nick Rather,4679 Goodwin Avenue,98619,206-777-1965,
user390,Jose Garza,2717 Raccoon Run,98116,206-946-8200,
user391,Elisa Miles,4490 Union Street,98109,206-922-0882,
user392,Maya Data,4936 Elliot Avenue,98115,206-777-1927,
user393,Andy Norris,348 Terra Street,98501,206-309-2533,
user394,Flor Matatena,885 Boone Crockett Lane,97209,206-414-2629,
user395,Dan Sounders,861 Honeysuckle Lane,98244,206-279-1723,
user396,Leo Dembele,2725 Mutton Town Road,98368,206-203-1294,
user397,Pete Nicholas,668 Elliot Avenue,98115,206-279-8759,
user398,Shirlene Harris,4329 Honeysuckle Lane,98055,206-279-5340,
user399,Nick Rather,4679 Goodwin Avenue,98619,206-777-1965,
user400,Jose Garza,2717 Raccoon Run,98116,206-946-8200,
user401,Elisa Miles,4490 Union Street,98109,206-922-0882,
user402,Maya Data,4936 Elliot Avenue,98115,206-777-1927,
user403,Andy Norris,348 Terra Street,98501,206-309-2533,
user404,Flor Matatena,885 Boone Crockett Lane,97209,206-414-2629,
user405,Dan Sounders,861 Honeysuckle Lane,98244,206-279-1723,
user406,Leo Dembele,2725 Mutton Town Road,98368,206-203-1294,
user407,Pete Nicholas,668 Elliot Avenue,98115,206-279-8759,
user408,Shirlene Harris,4329 Honeysuckle Lane,98055,206-279-5340,
user409,Nick Rather,4679 Goodwin Avenue,98619,206-777-1965,
user410,Jose Garza,2717 Raccoon Run,98116,206-946-8200,
user411,Elisa Miles,4490 Union Street,98109,206-922-0882,
user412,Maya Data,4936 Elliot Avenue,98115,206-777-1927,
user413,Andy Norris,348 Terra Street,98501,206-309-2533,
user414,Flor Matatena,885 Boone Crockett Lane,97209,206-414-2629,
user415,Dan Sounders,861 Honeysuckle Lane,98244,206-279-1723,
user416,Leo Dembele,2725 Mutton Town Road,98368,206-203-1294,
user417,Pete Nicholas,668 Elliot Avenue,98115,206-279-8759,
user418,Shirlene Harris,4329 Honeysuckle Lane,98055,206-279-5340,
user419,Nick Rather,4679 Goodwin Avenue,98619,206-777-1965,
user420,Jose Garza,2717 Raccoon Run,98116,206-946-8200,
user421,Elisa Miles,4490 Union Street,98109,206-922-0882,
user422,Maya Data,4936 Elliot Avenue,98115,206-777-1927,
user423,Andy Norris,348 Terra Street,98501,206-309-2533,
user424,Flor Matatena,885 Boone Crockett Lane,97209,206-414-2629,
user425,Dan Sounders,861 Honeysuckle Lane,98244,206-279-1723,
user426,Leo Dembele,2725 Mutton Town Road,98368,206-203-1294,
user427,Pete Nicholas,668 Elliot Avenue,98115,206-279-8759,
user428,Shirlene Harris,4329 Honeysuckle Lane,98055,206-279-5340,
user429,Nick Rather,4679 Goodwin Avenue,98619,206-777-1965,
user430,Jose Garza,2717 Raccoon Run,98116,206-946-8200,
user431,Elisa Miles,4490 Union Street,98109,206-922-0882,
user432,Maya Data,4936 Elliot Avenue,98115,206-777-1927,
user433,Andy Norris,348 Terra Street,98501,206-309-2533,
user434,Flor Matatena,885 Boone Crockett Lane,97209,206-414-2629,
user435,Dan Sounders,861 Honeysuckle Lane,98244,206-279-1723,
user436,Leo Dembele,2725 Mutton Town Road,98368,206-203-1294,
user437,Pete Nicholas,668 Elliot Avenue,98115,206-279-8759,
user438,Shirlene Harris,4329 Honeysuckle Lane,98055,206-279-5340,
user439,Nick Rather,4679 Goodwin Avenue,98619,206-777-1965,
user440,Jose Garza,2717 Raccoon Run,98116,206-946-8200,
user441,Elisa Miles,4490 Union Street,98109,206-922-0882,
user442,Maya Data,4936 Elliot Avenue,98115,206-777-1927,
user443,Andy Norris,348 Terra Street,98501,206-309-2533,
user444,Flor Matatena,885 Boone Crockett Lane,97209,206-414-2629,
user445,Dan Sounders,861 Honeysuckle Lane,98244,206-279-1723,
user446,Leo Dembele,2725 Mutton Town Road,98368,206-203-1294,
user447,Pete Nicholas,668 Elliot Avenue,98115,206-279-8759,
user448,Shirlene Harris,4329 Honeysuckle Lane,98055,206-279-5340,
user449,Nick Rather,4679 Goodwin Avenue,98619,206-777-1965,
user450,Jose Garza,2717 Raccoon Run,98116,206-946-8200,
user451,Elisa Miles,4490 Union Street,98109,206-922-0882,
user452,Maya Data,4936 Elliot Avenue,98115,206-777-1927,
user453,Andy Norris,348 Terra Street,98501,206-309-2533,
user454,Flor Matatena,885 Boone Crockett Lane,97209,206-414-2629,
user455,Dan Sounders,861 Honeysuckle Lane,98244,206-279-1723,
user456,Leo Dembele,2725 Mutton Town Road,98368,206-203-1294,
user457,Pete Nicholas,668 Elliot Avenue,98115,206-279-8759,
user458,Shirlene Harris,4329 Honeysuckle Lane,98055,206-279-5340,
user459,Nick Rather,4679 Goodwin Avenue,98619,206-777-1965,
user460,Jose Garza,2717 Raccoon Run,98116,206-946-8200,
user461,Elisa Miles,4490 Union Street,98109,206-922-0882,
user462,Maya Data,4936 Elliot Avenue,98115,206-777-1927,
user463,Andy Norris,348 Terra Street,98501,206-309-2533,
user464,Flor Matatena,885 Boone Crockett Lane,97209,206-414-2629,
user465,Dan Sounders,861 Honeysuckle Lane,98244,206-279-1723,
user466,Leo Dembele,2725 Mutton Town Road,98368,206-203-1294,
user467,Pete Nicholas,668 Elliot Avenue,98115,206-279-8759,
user468,Shirlene Harris,4329 Honeysuckle Lane,98055,206-279-5340,
user469,Nick Rather,4679 Goodwin Avenue,98619,206-777-1965,
user470,Jose Garza,2717 Raccoon Run,98116,206-946-8200,
user471,Elisa Miles,4490 Union Street,98109,206-922-0882,
user472,Maya Data,4936 Elliot Avenue,98115,206-777-1927,
user473,Andy Norris,348 Terra Street,98501,206-309-2533,
user474,Flor Matatena,885 Boone Crockett Lane,97209,206-414-2629,
user475,Dan Sounders,861 Honeysuckle Lane,98244,206-279-1723,
user476,Leo Dembele,2725 Mutton Town Road,98368,206-203-1294,
user477,Pete Nicholas,668 Elliot Avenue,98115,206-279-8759,
user478,Shirlene Harris,4329 Honeysuckle Lane,98055,206-279-5340,
user479,Nick Rather,4679 Goodwin Avenue,98619,206-777-1965,
user480,Jose Garza,2717 Raccoon Run,98116,206-946-8200,
user481,Elisa Miles,4490 Union Street,98109,206-922-0882,
user482,Maya Data,4936 Elliot Avenue,98115,206-777-1927,
user483,Andy Norris,348 Terra Street,98501,206-309-2533,
user484,Flor Matatena,885 Boone Crockett Lane,97209,206-414-2629,
user485,Dan Sounders,861 Honeysuckle Lane,98244,206-279-1723,
user486,Leo Dembele,2725 Mutton Town Road,98368,206-203-1294,
user487,Pete Nicholas,668 Elliot Avenue,98115,206-279-8759,
user488,Shirlene Harris,4329 Honeysuckle Lane,98055,206-279-5340,
user489,Nick Rather,4679 Goodwin Avenue,98619,206-777-1965,
user490,Jose Garza,2717 Raccoon Run,98116,206-946-8200,
user491,Elisa Miles,4490 Union Street,98109,206-922-0882,
user492,Maya Data,4936 Elliot Avenue,98115,206-777-1927,
user493,Andy Norris,348 Terra Street,98501,206-309-2533,
user494,Flor Matatena,885 Boone Crockett Lane,97209,206-414-2629,
user495,Dan Sounders,861 Honeysuckle Lane,98244,206-279-1723,
user496,Leo Dembele,2725 Mutton Town Road,98368,206-203-1294,
user497,Pete Nicholas,668 Elliot Avenue,98115,206-279-8759,
user498,Shirlene Harris,4329 Honeysuckle Lane,98055,206-279-5340,
user499,Nick Rather,4679 Goodwin Avenue,98619,206-777-1965,
user500,Jose Garza,2717 Raccoon Run,98116,206-946-8200,
user501,Elisa Miles,4490 Union Street,98109,206-922-0882,
user502,Maya Data,4936 Elliot Avenue,98115,206-777-1927,
user503,Andy Norris,348 Terra Street,98501,206-309-2533,
user504,Flor Matatena,885 Boone Crockett Lane,97209,206-414-2629,
user505,Dan Sounders,861 Honeysuckle Lane,98244,206-279-1723,
user506,Leo Dembele,2725 Mutton Town Road,98368,206-203-1294,
user507,Pete Nicholas,668 Elliot Avenue,98115,206-279-8759,
user508,Shirlene Harris,4329 Honeysuckle Lane,98055,206-279-5340,
user509,Nick Rather,4679 Goodwin Avenue,98619,206-777-1965,
user510,Jose Garza,2717 Raccoon Run,98116,206-946-8200,
user511,Elisa Miles,4490 Union Street,98109,206-922-0882,
user512,Maya Data,4936 Elliot Avenue,98115,206-777-1927,
user513,Andy Norris,348 Terra Street,98501,206-309-2533,
user514,Flor Matatena,885 Boone Crockett Lane,97209,206-414-2629,
user515,Dan Sounders,861 Honeysuckle Lane,98244,206-279-1723,
user516,Leo Dembele,2725 Mutton Town Road,98368,206-203-1294,
user517,Pete Nicholas,668 Elliot Avenue,98115,206-279-8759,
user518,Shirlene Harris,4329 Honeysuckle Lane,98055,206-279-5340,
user519,Nick Rather,4679 Goodwin Avenue,98619,206-777-1965,
user520,Jose Garza,2717 Raccoon Run,98116,206-946-8200,
user521,Elisa Miles,4490 Union Street,98109,206-922-0882,
user522,Maya Data,4936 Elliot Avenue,98115,206-777-1927,
user523,Andy Norris,348 Terra Street,98501,206-309-2533,
user524,Flor Matatena,885 Boone Crockett Lane,97209,206-414-2629,
user525,Dan Sounders,861 Honeysuckle Lane,98244,206-279-1723,
user526,Leo Dembele,2725 Mutton Town Road,98368,206-203-1294,
user527,Pete Nicholas,668 Elliot Avenue,98115,206-279-8759,
user528,Shirlene Harris,4329 Honeysuckle Lane,98055,206-279-5340,
user529,Nick Rather,4679 Goodwin Avenue,98619,206-777-1965,
user530,Jose Garza,2717 Raccoon Run,98116,206-946-8200,
user531,Elisa Miles,4490 Union Street,98109,206-922-0882,
user532,Maya Data,4936 Elliot Avenue,98115,206-777-1927,
user533,Andy Norris,348 Terra Street,98501,206-309-2533,
user534,Flor Matatena,885 Boone Crockett Lane,97209,206-414-2629,
user535,Dan Sounders,861 Honeysuckle Lane,98244,206-279-1723,
user536,Leo Dembele,2725 Mutton Town Road,98368,206-203-1294,
user537,Pete Nicholas,668 Elliot Avenue,98115,206-279-8759,
user538,Shirlene Harris,4329 Honeysuckle Lane,98055,206-279-5340,
user539,Nick Rather,4679 Goodwin Avenue,98619,206-777-1965,
user540,Jose Garza,2717 Raccoon Run,98116,206-946-8200,
user541,Elisa Miles,4490 Union Street,98109,206-922-0882,
user542,Maya Data,4936 Elliot Avenue,98115,206-777-1927,
user543,Andy Norris,348 Terra Street,98501,206-309-2533,
user544,Flor Matatena,885 Boone Crockett Lane,97209,206-414-2629,
user545,Dan Sounders,861 Honeysuckle Lane,98244,206-279-1723,
user546,Leo Dembele,2725 Mutton Town Road,98368,206-203-1294,
user547,Pete Nicholas,668 Elliot Avenue,98115,206-279-8759,
user548,Shirlene Harris,4329 Honeysuckle Lane,98055,206-279-5340,
user549,Nick Rather,4679 Goodwin Avenue,98619,206-777-1965,
user550,Jose Garza,2717 Raccoon Run,98116,206-946-8200,
user551,Elisa Miles,4490 Union Street,98109,206-922-0882,
user552,Maya Data,4936 Elliot Avenue,98115,206-777-1927,
user553,Andy Norris,348 Terra Street,98501,206-309-2533,
user554,Flor Matatena,885 Boone Crockett Lane,97209,206-414-2629,
user555,Dan Sounders,861 Honeysuckle Lane,98244,206-279-1723,
user556,Leo Dembele,2725 Mutton Town Road,98368,206-203-1294,
user557,Pete Nicholas,668 Elliot Avenue,98115,206-279-8759,
user558,Shirlene Harris,4329 Honeysuckle Lane,98055,206-279-5340,
user559,Nick Rather,4679 Goodwin Avenue,98619,206-777-1965,
user560,Jose Garza,2717 Raccoon Run,98116,206-946-8200,
user561,Elisa Miles,4490 Union Street,98109,206-922-0882,
user562,Maya Data,4936 Elliot Avenue,98115,206-777-1927,
user563,Andy Norris,348 Terra Street,98501,206-309-2533,
user564,Flor Matatena,885 Boone Crockett Lane,97209,206-414-2629,
user565,Dan Sounders,861 Honeysuckle Lane,98244,206-279-1723,
user566,Leo Dembele,2725 Mutton Town Road,98368,206-203-1294,
user567,Pete Nicholas,668 Elliot Avenue,98115,206-279-8759,
user568,Shirlene Harris,4329 Honeysuckle Lane,98055,206-279-5340,
user569,Nick Rather,4679 Goodwin Avenue,98619,206-777-1965,
user570,Jose Garza,2717 Raccoon Run,98116,206-946-8200,
user571,Elisa Miles,4490 Union Street,98109,206-922-0882,
user572,Maya Data,4936 Elliot Avenue,98115,206-777-1927,
user573,Andy Norris,348 Terra Street,98501,206-309-2533,
user574,Flor Matatena,885 Boone Crockett Lane,97209,206-414-2629,
user575,Dan Sounders,861 Honeysuckle Lane,98244,206-279-1723,
user576,Leo Dembele,2725 Mutton Town Road,98368,206-203-1294,
user577,Pete Nicholas,668 Elliot Avenue,98115,206-279-8759,
user578,Shirlene Harris,4329 Honeysuckle Lane,98055,206-279-5340,
user579,Nick Rather,4679 Goodwin Avenue,98619,206-777-1965,
user580,Jose Garza,2717 Raccoon Run,98116,206-946-8200,
user581,Elisa Miles,4490 Union Street,98109,206-922-0882,
user582,Maya Data,4936 Elliot Avenue,98115,206-777-1927,
user583,Andy Norris,348 Terra Street,98501,206-309-2533,
user584,Flor Matatena,885 Boone Crockett Lane,97209,206-414-2629,
user585,Dan Sounders,861 Honeysuckle Lane,98244,206-279-1723,
user586,Leo Dembele,2725 Mutton Town Road,98368,206-203-1294,
user587,Pete Nicholas,668 Elliot Avenue,98115,206-279-8759,
user588,Shirlene Harris,4329 Honeysuckle Lane,98055,206-279-5340,
user589,Nick Rather,4679 Goodwin Avenue,98619,206-777-1965,
user590,Jose Garza,2717 Raccoon Run,98116,206-946-8200,
user591,Elisa Miles,4490 Union Street,98109,206-922-0882,
user592,Maya Data,4936 Elliot Avenue,98115,206-777-1927,
user593,Andy Norris,348 Terra Street,98501,206-309-2533,
user594,Flor Matatena,885 Boone Crockett Lane,97209,206-414-2629,
user595,Dan Sounders,861 Honeysuckle Lane,98244,206-279-1723,
user596,Leo Dembele,2725 Mutton Town Road,98368,206-203-1294,
user597,Pete Nicholas,668 Elliot Avenue,98115,206-279-8759,
user598,Shirlene Harris,4329 Honeysuckle Lane,98055,206-279-5340,
user599,Nick Rather,4679 Goodwin Avenue,98619,206-777-1965,
user600,Jose Garza,2717 Raccoon Run,98116,206-946-8200,
user601,Elisa Miles,4490 Union Street,98109,206-922-0882,
user602,Maya Data,4936 Elliot Avenue,98115,206-777-1927,
user603,Andy Norris,348 Terra Street,98501,206-309-2533,
user604,Flor Matatena,885 Boone Crockett Lane,97209,206-414-2629,
user605,Dan Sounders,861 Honeysuckle Lane,98244,206-279-1723,
user606,Leo Dembele,2725 Mutton Town Road,98368,206-203-1294,
user607,Pete Nicholas,668 Elliot Avenue,98115,206-279-8759,
user608,Shirlene Harris,4329 Honeysuckle Lane,98055,206-279-5340,
user609,Nick Rather,4679 Goodwin Avenue,98619,206-777-1965,
user610,Jose Garza,2717 Raccoon Run,98116,206-946-8200,
user611,Elisa Miles,4490 Union Street,98109,206-922-0882,
user612,Maya Data,4936 Elliot Avenue,98115,206-777-1927,
user613,Andy Norris,348 Terra Street,98501,206-309-2533,
user614,Flor Matatena,885 Boone Crockett Lane,97209,206-414-2629,
user615,Dan Sounders,861 Honeysuckle Lane,98244,206-279-1723,
user616,Leo Dembele,2725 Mutton Town Road,98368,206-203-1294,
user617,Pete Nicholas,668 Elliot Avenue,98115,206-279-8759,
user618,Shirlene Harris,4329 Honeysuckle Lane,98055,206-279-5340,
user619,Nick Rather,4679 Goodwin Avenue,98619,206-777-1965,
user620,Jose Garza,2717 Raccoon Run,98116,206-946-8200,
user621,Elisa Miles,4490 Union Street,98109,206-922-0882,
user622,Maya Data,4936 Elliot Avenue,98115,206-777-1927,
user623,Andy Norris,348 Terra Street,98501,206-309-2533,
user624,Flor Matatena,885 Boone Crockett Lane,97209,206-414-2629,
user625,Dan Sounders,861 Honeysuckle Lane,98244,206-279-1723,
user626,Leo Dembele,2725 Mutton Town Road,98368,206-203-1294,
user627,Pete Nicholas,668 Elliot Avenue,98115,206-279-8759,
user628,Shirlene Harris,4329 Honeysuckle Lane,98055,206-279-5340,
user629,Nick Rather,4679 Goodwin Avenue,98619,206-777-1965,
user630,Jose Garza,2717 Raccoon Run,98116,206-946-8200,
user631,Elisa Miles,4490 Union Street,98109,206-922-0882,
user632,Maya Data,4936 Elliot Avenue,98115,206-777-1927,
user633,Andy Norris,348 Terra Street,98501,206-309-2533,
user634,Flor Matatena,885 Boone Crockett Lane,97209,206-414-2629,
user635,Dan Sounders,861 Honeysuckle Lane,98244,206-279-1723,
user636,Leo Dembele,2725 Mutton Town Road,98368,206-203-1294,
user637,Pete Nicholas,668 Elliot Avenue,98115,206-279-8759,
user638,Shirlene Harris,4329 Honeysuckle Lane,98055,206-279-5340,
user639,Nick Rather,4679 Goodwin Avenue,98619,206-777-1965,
user640,Jose Garza,2717 Raccoon Run,98116,206-946-8200,
user641,Elisa Miles,4490 Union Street,98109,206-922-0882,
user642,Maya Data,4936 Elliot Avenue,98115,206-777-1927,
user643,Andy Norris,348 Terra Street,98501,206-309-2533,
user644,Flor Matatena,885 Boone Crockett Lane,97209,206-414-2629,
user645,Dan Sounders,861 Honeysuckle Lane,98244,206-279-1723,
user646,Leo Dembele,2725 Mutton Town Road,98368,206-203-1294,
user647,Pete Nicholas,668 Elliot Avenue,98115,206-279-8759,
user648,Shirlene Harris,4329 Honeysuckle Lane,98055,206-279-5340,
user649,Nick Rather,4679 Goodwin Avenue,98619,206-777-1965,
user650,Jose Garza,2717 Raccoon Run,98116,206-946-8200,
user651,Elisa Miles,4490 Union Street,98109,206-922-0882,
user652,Maya Data,4936 Elliot Avenue,98115,206-777-1927,
user653,Andy Norris,348 Terra Street,98501,206-309-2533,
user654,Flor Matatena,885 Boone Crockett Lane,97209,206-414-2629,
user655,Dan Sounders,861 Honeysuckle Lane,98244,206-279-1723,
user656,Leo Dembele,2725 Mutton Town Road,98368,206-203-1294,
user657,Pete Nicholas,668 Elliot Avenue,98115,206-279-8759,
user658,Shirlene Harris,4329 Honeysuckle Lane,98055,206-279-5340,
user659,Nick Rather,4679 Goodwin Avenue,98619,206-777-1965,
user660,Jose Garza,2717 Raccoon Run,98116,206-946-8200,
user661,Elisa Miles,4490 Union Street,98109,206-922-0882,
user662,Maya Data,4936 Elliot Avenue,98115,206-777-1927,
user663,Andy Norris,348 Terra Street,98501,206-309-2533,
user664,Flor Matatena,885 Boone Crockett Lane,97209,206-414-2629,
user665,Dan Sounders,861 Honeysuckle Lane,98244,206-279-1723,
user666,Leo Dembele,2725 Mutton Town Road,98368,206-203-1294,
user667,Pete Nicholas,668 Elliot Avenue,98115,206-279-8759,
user668,Shirlene Harris,4329 Honeysuckle Lane,98055,206-279-5340,
user669,Nick Rather,4679 Goodwin Avenue,98619,206-777-1965,
user670,Jose Garza,2717 Raccoon Run,98116,206-946-8200,
user671,Elisa Miles,4490 Union Street,98109,206-922-0882,
user672,Maya Data,4936 Elliot Avenue,98115,206-777-1927,
user673,Andy Norris,348 Terra Street,98501,206-309-2533,
user674,Flor Matatena,885 Boone Crockett Lane,97209,206-414-2629,
user675,Dan Sounders,861 Honeysuckle Lane,98244,206-279-1723,
user676,Leo Dembele,2725 Mutton Town Road,98368,206-203-1294,
user677,Pete Nicholas,668 Elliot Avenue,98115,206-279-8759,
user678,Shirlene Harris,4329 Honeysuckle Lane,98055,206-279-5340,
user679,Nick Rather,4679 Goodwin Avenue,98619,206-777-1965,
user680,Jose Garza,2717 Raccoon Run,98116,206-946-8200,
user681,Elisa Miles,4490 Union Street,98109,206-922-0882,
user682,Maya Data,4936 Elliot Avenue,98115,206-777-1927,
user683,Andy Norris,348 Terra Street,98501,206-309-2533,
user684,Flor Matatena,885 Boone Crockett Lane,97209,206-414-2629,
user685,Dan Sounders,861 Honeysuckle Lane,98244,206-279-1723,
user686,Leo Dembele,2725 Mutton Town Road,98368,206-203-1294,
user687,Pete Nicholas,668 Elliot Avenue,98115,206-279-8759,
user688,Shirlene Harris,4329 Honeysuckle Lane,98055,206-279-5340,
user689,Nick Rather,4679 Goodwin Avenue,98619,206-777-1965,
user690,Jose Garza,2717 Raccoon Run,98116,206-946-8200,
user691,Elisa Miles,4490 Union Street,98109,206-922-0882,
user692,Maya Data,4936 Elliot Avenue,98115,206-777-1927,
user693,Andy Norris,348 Terra Street,98501,206-309-2533,
user694,Flor Matatena,885 Boone Crockett Lane,97209,206-414-2629,
user695,Dan Sounders,861 Honeysuckle Lane,98244,206-279-1723,
user696,Leo Dembele,2725 Mutton Town Road,98368,206-203-1294,
user697,Pete Nicholas,668 Elliot Avenue,98115,206-279-8759,
user698,Shirlene Harris,4329 Honeysuckle Lane,98055,206-279-5340,
user699,Nick Rather,4679 Goodwin Avenue,98619,206-777-1965,
user700,Jose Garza,2717 Raccoon Run,98116,206-946-8200,
user701,Elisa Miles,4490 Union Street,98109,206-922-0882,
user702,Maya Data,4936 Elliot Avenue,98115,206-777-1927,
user703,Andy Norris,348 Terra Street,98501,206-309-2533,
user704,Flor Matatena,885 Boone Crockett Lane,97209,206-414-2629,
user705,Dan Sounders,861 Honeysuckle Lane,98244,206-279-1723,
user706,Leo Dembele,2725 Mutton Town Road,98368,206-203-1294,
user707,Pete Nicholas,668 Elliot Avenue,98115,206-279-8759,
user708,Shirlene Harris,4329 Honeysuckle Lane,98055,206-279-5340,
user709,Nick Rather,4679 Goodwin Avenue,98619,206-777-1965,
user710,Jose Garza,2717 Raccoon Run,98116,206-946-8200,
user711,Elisa Miles,4490 Union Street,98109,206-922-0882,
user712,Maya Data,4936 Elliot Avenue,98115,206-777-1927,
user713,Andy Norris,348 Terra Street,98501,206-309-2533,
user714,Flor Matatena,885 Boone Crockett Lane,97209,206-414-2629,
user715,Dan Sounders,861 Honeysuckle Lane,98244,206-279-1723,
user716,Leo Dembele,2725 Mutton Town Road,98368,206-203-1294,
user717,Pete Nicholas,668 Elliot Avenue,98115,206-279-8759,
user718,Shirlene Harris,4329 Honeysuckle Lane,98055,206-279-5340,
user719,Nick Rather,4679 Goodwin Avenue,98619,206-777-1965,
user720,Jose Garza,2717 Raccoon Run,98116,206-946-8200,
user721,Elisa Miles,4490 Union Street,98109,206-922-0882,
user722,Maya Data,4936 Elliot Avenue,98115,206-777-1927,
user723,Andy Norris,348 Terra Street,98501,206-309-2533,
user724,Flor Matatena,885 Boone Crockett Lane,97209,206-414-2629,
user725,Dan Sounders,861 Honeysuckle Lane,98244,206-279-1723,
user726,Leo Dembele,2725 Mutton Town Road,98368,206-203-1294,
user727,Pete Nicholas,668 Elliot Avenue,98115,206-279-8759,
user728,Shirlene Harris,4329 Honeysuckle Lane,98055,206-279-5340,
user729,Nick Rather,4679 Goodwin Avenue,98619,206-777-1965,
user730,Jose Garza,2717 Raccoon Run,98116,206-946-8200,
user731,Elisa Miles,4490 Union Street,98109,206-922-0882,
user732,Maya Data,4936 Elliot Avenue,98115,206-777-1927,
user733,Andy Norris,348 Terra Street,98501,206-309-2533,
user734,Flor Matatena,885 Boone Crockett Lane,97209,206-414-2629,
user735,Dan Sounders,861 Honeysuckle Lane,98244,206-279-1723,
user736,Leo Dembele,2725 Mutton Town Road,98368,206-203-1294,
user737,Pete Nicholas,668 Elliot Avenue,98115,206-279-8759,
user738,Shirlene Harris,4329 Honeysuckle Lane,98055,206-279-5340,
user739,Nick Rather,4679 Goodwin Avenue,98619,206-777-1965,
user740,Jose Garza,2717 Raccoon Run,98116,206-946-8200,
user741,Elisa Miles,4490 Union Street,98109,206-922-0882,
user742,Maya Data,4936 Elliot Avenue,98115,206-777-1927,
user743,Andy Norris,348 Terra Street,98501,206-309-2533,
user744,Flor Matatena,885 Boone Crockett Lane,97209,206-414-2629,
user745,Dan Sounders,861 Honeysuckle Lane,98244,206-279-1723,
user746,Leo Dembele,2725 Mutton Town Road,98368,206-203-1294,
user747,Pete Nicholas,668 Elliot Avenue,98115,206-279-8759,
user748,Shirlene Harris,4329 Honeysuckle Lane,98055,206-279-5340,
user749,Nick Rather,4679 Goodwin Avenue,98619,206-777-1965,
user750,Jose Garza,2717 Raccoon Run,98116,206-946-8200,
user751,Elisa Miles,4490 Union Street,98109,206-922-0882,
user752,Maya Data,4936 Elliot Avenue,98115,206-777-1927,
user753,Andy Norris,348 Terra Street,98501,206-309-2533,
user754,Flor Matatena,885 Boone Crockett Lane,97209,206-414-2629,
user755,Dan Sounders,861 Honeysuckle Lane,98244,206-279-1723,
user756,Leo Dembele,2725 Mutton Town Road,98368,206-203-1294,
user757,Pete Nicholas,668 Elliot Avenue,98115,206-279-8759,
user758,Shirlene Harris,4329 Honeysuckle Lane,98055,206-279-5340,
user759,Nick Rather,4679 Goodwin Avenue,98619,206-777-1965,
user760,Jose Garza,2717 Raccoon Run,98116,206-946-8200,
user761,Elisa Miles,4490 Union Street,98109,206-922-0882,
user762,Maya Data,4936 Elliot Avenue,98115,206-777-1927,
user763,Andy Norris,348 Terra Street,98501,206-309-2533,
user764,Flor Matatena,885 Boone Crockett Lane,97209,206-414-2629,
user765,Dan Sounders,861 Honeysuckle Lane,98244,206-279-1723,
user766,Leo Dembele,2725 Mutton Town Road,98368,206-203-1294,
user767,Pete Nicholas,668 Elliot Avenue,98115,206-279-8759,
user768,Shirlene Harris,4329 Honeysuckle Lane,98055,206-279-5340,
user769,Nick Rather,4679 Goodwin Avenue,98619,206-777-1965,
user770,Jose Garza,2717 Raccoon Run,98116,206-946-8200,
user771,Elisa Miles,4490 Union Street,98109,206-922-0882,
user772,Maya Data,4936 Elliot Avenue,98115,206-777-1927,
user773,Andy Norris,348 Terra Street,98501,206-309-2533,
user774,Flor Matatena,885 Boone Crockett Lane,97209,206-414-2629,
user775,Dan Sounders,861 Honeysuckle Lane,98244,206-279-1723,
user776,Leo Dembele,2725 Mutton Town Road,98368,206-203-1294,
user777,Pete Nicholas,668 Elliot Avenue,98115,206-279-8759,
user778,Shirlene Harris,4329 Honeysuckle Lane,98055,206-279-5340,
user779,Nick Rather,4679 Goodwin Avenue,98619,206-777-1965,
user780,Jose Garza,2717 Raccoon Run,98116,206-946-8200,
user781,Elisa Miles,4490 Union Street,98109,206-922-0882,
user782,Maya Data,4936 Elliot Avenue,98115,206-777-1927,
user783,Andy Norris,348 Terra Street,98501,206-309-2533,
user784,Flor Matatena,885 Boone Crockett Lane,97209,206-414-2629,
user785,Dan Sounders,861 Honeysuckle Lane,98244,206-279-1723,
user786,Leo Dembele,2725 Mutton Town Road,98368,206-203-1294,
user787,Pete Nicholas,668 Elliot Avenue,98115,206-279-8759,
user788,Shirlene Harris,4329 Honeysuckle Lane,98055,206-279-5340,
user789,Nick Rather,4679 Goodwin Avenue,98619,206-777-1965,
user790,Jose Garza,2717 Raccoon Run,98116,206-946-8200,
user791,Elisa Miles,4490 Union Street,98109,206-922-0882,
user792,Maya Data,4936 Elliot Avenue,98115,206-777-1927,
user793,Andy Norris,348 Terra Street,98501,206-309-2533,
user794,Flor Matatena,885 Boone Crockett Lane,97209,206-414-2629,
user795,Dan Sounders,861 Honeysuckle Lane,98244,206-279-1723,
user796,Leo Dembele,2725 Mutton Town Road,98368,206-203-1294,
user797,Pete Nicholas,668 Elliot Avenue,98115,206-279-8759,
user798,Shirlene Harris,4329 Honeysuckle Lane,98055,206-279-5340,
user799,Nick Rather,4679 Goodwin Avenue,98619,206-777-1965,
user800,Jose Garza,2717 Raccoon Run,98116,206-946-8200,
user801,Elisa Miles,4490 Union Street,98109,206-922-0882,
user802,Maya Data,4936 Elliot Avenue,98115,206-777-1927,
user803,Andy Norris,348 Terra Street,98501,206-309-2533,
user804,Flor Matatena,885 Boone Crockett Lane,97209,206-414-2629,
user805,Dan Sounders,861 Honeysuckle Lane,98244,206-279-1723,
user806,Leo Dembele,2725 Mutton Town Road,98368,206-203-1294,
user807,Pete Nicholas,668 Elliot Avenue,98115,206-279-8759,
user808,Shirlene Harris,4329 Honeysuckle Lane,98055,206-279-5340,
user809,Nick Rather,4679 Goodwin Avenue,98619,206-777-1965,
user810,Jose Garza,2717 Raccoon Run,98116,206-946-8200,
user811,Elisa Miles,4490 Union Street,98109,206-922-0882,
user812,Maya Data,4936 Elliot Avenue,98115,206-777-1927,
user813,Andy Norris,348 Terra Street,98501,206-309-2533,
user814,Flor Matatena,885 Boone Crockett Lane,97209,206-414-2629,
user815,Dan Sounders,861 Honeysuckle Lane,98244,206-279-1723,
user816,Leo Dembele,2725 Mutton Town Road,98368,206-203-1294,
user817,Pete Nicholas,668 Elliot Avenue,98115,206-279-8759,
user818,Shirlene Harris,4329 Honeysuckle Lane,98055,206-279-5340,
user819,Nick Rather,4679 Goodwin Avenue,98619,206-777-1965,
user820,Jose Garza,2717 Raccoon Run,98116,206-946-8200,
user821,Elisa Miles,4490 Union Street,98109,206-922-0882,
user822,Maya Data,4936 Elliot Avenue,98115,206-777-1927,
user823,Andy Norris,348 Terra Street,98501,206-309-2533,
user824,Flor Matatena,885 Boone Crockett Lane,97209,206-414-2629,
user825,Dan Sounders,861 Honeysuckle Lane,98244,206-279-1723,
user826,Leo Dembele,2725 Mutton Town Road,98368,206-203-1294,
user827,Pete Nicholas,668 Elliot Avenue,98115,206-279-8759,
user828,Shirlene Harris,4329 Honeysuckle Lane,98055,206-279-5340,
user829,Nick Rather,4679 Goodwin Avenue,98619,206-777-1965,
user830,Jose Garza,2717 Raccoon Run,98116,206-946-8200,
user831,Elisa Miles,4490 Union Street,98109,206-922-0882,
user832,Maya Data,4936 Elliot Avenue,98115,206-777-1927,
user833,Andy Norris,348 Terra Street,98501,206-309-2533,
user834,Flor Matatena,885 Boone Crockett Lane,97209,206-414-2629,
user835,Dan Sounders,861 Honeysuckle Lane,98244,206-279-1723,
user836,Leo Dembele,2725 Mutton Town Road,98368,206-203-1294,
user837,Pete Nicholas,668 Elliot Avenue,98115,206-279-8759,
user838,Shirlene Harris,4329 Honeysuckle Lane,98055,206-279-5340,
user839,Nick Rather,4679 Goodwin Avenue,98619,206-777-1965,
user840,Jose Garza,2717 Raccoon Run,98116,206-946-8200,
user841,Elisa Miles,4490 Union Street,98109,206-922-0882,
user842,Maya Data,4936 Elliot Avenue,98115,206-777-1927,
user843,Andy Norris,348 Terra Street,98501,206-309-2533,
user844,Flor Matatena,885 Boone Crockett Lane,97209,206-414-2629,
user845,Dan Sounders,861 Honeysuckle Lane,98244,206-279-1723,
user846,Leo Dembele,2725 Mutton Town Road,98368,206-203-1294,
user847,Pete Nicholas,668 Elliot Avenue,98115,206-279-8759,
user848,Shirlene Harris,4329 Honeysuckle Lane,98055,206-279-5340,
user849,Nick Rather,4679 Goodwin Avenue,98619,206-777-1965,
user850,Jose Garza,2717 Raccoon Run,98116,206-946-8200,
user851,Elisa Miles,4490 Union Street,98109,206-922-0882,
user852,Maya Data,4936 Elliot Avenue,98115,206-777-1927,
user853,Andy Norris,348 Terra Street,98501,206-309-2533,
user854,Flor Matatena,885 Boone Crockett Lane,97209,206-414-2629,
user855,Dan Sounders,861 Honeysuckle Lane,98244,206-279-1723,
user856,Leo Dembele,2725 Mutton Town Road,98368,206-203-1294,
user857,Pete Nicholas,668 Elliot Avenue,98115,206-279-8759,
user858,Shirlene Harris,4329 Honeysuckle Lane,98055,206-279-5340,
user859,Nick Rather,4679 Goodwin Avenue,98619,206-777-1965,
user860,Jose Garza,2717 Raccoon Run,98116,206-946-8200,
user861,Elisa Miles,4490 Union Street,98109,206-922-0882,
user862,Maya Data,4936 Elliot Avenue,98115,206-777-1927,
user863,Andy Norris,348 Terra Street,98501,206-309-2533,
user864,Flor Matatena,885 Boone Crockett Lane,97209,206-414-2629,
user865,Dan Sounders,861 Honeysuckle Lane,98244,206-279-1723,
user866,Leo Dembele,2725 Mutton Town Road,98368,206-203-1294,
user867,Pete Nicholas,668 Elliot Avenue,98115,206-279-8759,
user868,Shirlene Harris,4329 Honeysuckle Lane,98055,206-279-5340,
user869,Nick Rather,4679 Goodwin Avenue,98619,206-777-1965,
user870,Jose Garza,2717 Raccoon Run,98116,206-946-8200,
user871,Elisa Miles,4490 Union Street,98109,206-922-0882,
user872,Maya Data,4936 Elliot Avenue,98115,206-777-1927,
user873,Andy Norris,348 Terra Street,98501,206-309-2533,
user874,Flor Matatena,885 Boone Crockett Lane,97209,206-414-2629,
user875,Dan Sounders,861 Honeysuckle Lane,98244,206-279-1723,
user876,Leo Dembele,2725 Mutton Town Road,98368,206-203-1294,
user877,Pete Nicholas,668 Elliot Avenue,98115,206-279-8759,
user878,Shirlene Harris,4329 Honeysuckle Lane,98055,206-279-5340,
user879,Nick Rather,4679 Goodwin Avenue,98619,206-777-1965,
user880,Jose Garza,2717 Raccoon Run,98116,206-946-8200,
user881,Elisa Miles,4490 Union Street,98109,206-922-0882,
user882,Maya Data,4936 Elliot Avenue,98115,206-777-1927,
user883,Andy Norris,348 Terra Street,98501,206-309-2533,
user884,Flor Matatena,885 Boone Crockett Lane,97209,206-414-2629,
user885,Dan Sounders,861 Honeysuckle Lane,98244,206-279-1723,
user886,Leo Dembele,2725 Mutton Town Road,98368,206-203-1294,
user887,Pete Nicholas,668 Elliot Avenue,98115,206-279-8759,
user888,Shirlene Harris,4329 Honeysuckle Lane,98055,206-279-5340,
user889,Nick Rather,4679 Goodwin Avenue,98619,206-777-1965,
user890,Jose Garza,2717 Raccoon Run,98116,206-946-8200,
user891,Elisa Miles,4490 Union Street,98109,206-922-0882,
user892,Maya Data,4936 Elliot Avenue,98115,206-777-1927,
user893,Andy Norris,348 Terra Street,98501,206-309-2533,
user894,Flor Matatena,885 Boone Crockett Lane,97209,206-414-2629,
user895,Dan Sounders,861 Honeysuckle Lane,98244,206-279-1723,
user896,Leo Dembele,2725 Mutton Town Road,98368,206-203-1294,
user897,Pete Nicholas,668 Elliot Avenue,98115,206-279-8759,
user898,Shirlene Harris,4329 Honeysuckle Lane,98055,206-279-5340,
user899,Nick Rather,4679 Goodwin Avenue,98619,206-777-1965,
user900,Jose Garza,2717 Raccoon Run,98116,206-946-8200,
user901,Elisa Miles,4490 Union Street,98109,206-922-0882,
user902,Maya Data,4936 Elliot Avenue,98115,206-777-1927,
user903,Andy Norris,348 Terra Street,98501,206-309-2533,
user904,Flor Matatena,885 Boone Crockett Lane,97209,206-414-2629,
user905,Dan Sounders,861 Honeysuckle Lane,98244,206-279-1723,
user906,Leo Dembele,2725 Mutton Town Road,98368,206-203-1294,
user907,Pete Nicholas,668 Elliot Avenue,98115,206-279-8759,
user908,Shirlene Harris,4329 Honeysuckle Lane,98055,206-279-5340,
user909,Nick Rather,4679 Goodwin Avenue,98619,206-777-1965,
user910,Jose Garza,2717 Raccoon Run,98116,206-946-8200,
user911,Elisa Miles,4490 Union Street,98109,206-922-0882,
user912,Maya Data,4936 Elliot Avenue,98115,206-777-1927,
user913,Andy Norris,348 Terra Street,98501,206-309-2533,
user914,Flor Matatena,885 Boone Crockett Lane,97209,206-414-2629,
user915,Dan Sounders,861 Honeysuckle Lane,98244,206-279-1723,
user916,Leo Dembele,2725 Mutton Town Road,98368,206-203-1294,
user917,Pete Nicholas,668 Elliot Avenue,98115,206-279-8759,
user918,Shirlene Harris,4329 Honeysuckle Lane,98055,206-279-5340,
user919,Nick Rather,4679 Goodwin Avenue,98619,206-777-1965,
user920,Jose Garza,2717 Raccoon Run,98116,206-946-8200,
user921,Elisa Miles,4490 Union Street,98109,206-922-0882,
user922,Maya Data,4936 Elliot Avenue,98115,206-777-1927,
user923,Andy Norris,348 Terra Street,98501,206-309-2533,
user924,Flor Matatena,885 Boone Crockett Lane,97209,206-414-2629,
user925,Dan Sounders,861 Honeysuckle Lane,98244,206-279-1723,
user926,Leo Dembele,2725 Mutton Town Road,98368,206-203-1294,
user927,Pete Nicholas,668 Elliot Avenue,98115,206-279-8759,
user928,Shirlene Harris,4329 Honeysuckle Lane,98055,206-279-5340,
user929,Nick Rather,4679 Goodwin Avenue,98619,206-777-1965,
user930,Jose Garza,2717 Raccoon Run,98116,206-946-8200,
user931,Elisa Miles,4490 Union Street,98109,206-922-0882,
user932,Maya Data,4936 Elliot Avenue,98115,206-777-1927,
user933,Andy Norris,348 Terra Street,98501,206-309-2533,
user934,Flor Matatena,885 Boone Crockett Lane,97209,206-414-2629,
user935,Dan Sounders,861 Honeysuckle Lane,98244,206-279-1723,
user936,Leo Dembele,2725 Mutton Town Road,98368,206-203-1294,
user937,Pete Nicholas,668 Elliot Avenue,98115,206-279-8759,
user938,Shirlene Harris,4329 Honeysuckle Lane,98055,206-279-5340,
user939,Nick Rather,4679 Goodwin Avenue,98619,206-777-1965,
user940,Jose Garza,2717 Raccoon Run,98116,206-946-8200,
user941,Elisa Miles,4490 Union Street,98109,206-922-0882,
user942,Maya Data,4936 Elliot Avenue,98115,206-777-1927,
user943,Andy Norris,348 Terra Street,98501,206-309-2533,
user944,Flor Matatena,885 Boone Crockett Lane,97209,206-414-2629,
user945,Dan Sounders,861 Honeysuckle Lane,98244,206-279-1723,
user946,Leo Dembele,2725 Mutton Town Road,98368,206-203-1294,
user947,Pete Nicholas,668 Elliot Avenue,98115,206-279-8759,
user948,Shirlene Harris,4329 Honeysuckle Lane,98055,206-279-5340,
user949,Nick Rather,4679 Goodwin Avenue,98619,206-777-1965,
user950,Jose Garza,2717 Raccoon Run,98116,206-946-8200,
user951,Elisa Miles,4490 Union Street,98109,206-922-0882,
user952,Maya Data,4936 Elliot Avenue,98115,206-777-1927,
user953,Andy Norris,348 Terra Street,98501,206-309-2533,
user954,Flor Matatena,885 Boone Crockett Lane,97209,206-414-2629,
user955,Dan Sounders,861 Honeysuckle Lane,98244,206-279-1723,
user956,Leo Dembele,2725 Mutton Town Road,98368,206-203-1294,
user957,Pete Nicholas,668 Elliot Avenue,98115,206-279-8759,
user958,Shirlene Harris,4329 Honeysuckle Lane,98055,206-279-5340,
user959,Nick Rather,4679 Goodwin Avenue,98619,206-777-1965,
user960,Jose Garza,2717 Raccoon Run,98116,206-946-8200,
user961,Elisa Miles,4490 Union Street,98109,206-922-0882,
user962,Maya Data,4936 Elliot Avenue,98115,206-777-1927,
user963,Andy Norris,348 Terra Street,98501,206-309-2533,
user964,Flor Matatena,885 Boone Crockett Lane,97209,206-414-2629,
user965,Dan Sounders,861 Honeysuckle Lane,98244,206-279-1723,
user966,Leo Dembele,2725 Mutton Town Road,98368,206-203-1294,
user967,Pete Nicholas,668 Elliot Avenue,98115,206-279-8759,
user968,Shirlene Harris,4329 Honeysuckle Lane,98055,206-279-5340,
user969,Nick Rather,4679 Goodwin Avenue,98619,206-777-1965,
user970,Jose Garza,2717 Raccoon Run,98116,206-946-8200,
user971,Elisa Miles,4490 Union Street,98109,206-922-0882,
user972,Maya Data,4936 Elliot Avenue,98115,206-777-1927,
user973,Andy Norris,348 Terra Street,98501,206-309-2533,
user974,Flor Matatena,885 Boone Crockett Lane,97209,206-414-2629,
user975,Dan Sounders,861 Honeysuckle Lane,98244,206-279-1723,
user976,Leo Dembele,2725 Mutton Town Road,98368,206-203-1294,
user977,Pete Nicholas,668 Elliot Avenue,98115,206-279-8759,
user978,Shirlene Harris,4329 Honeysuckle Lane,98055,206-279-5340,
user979,Nick Rather,4679 Goodwin Avenue,98619,206-777-1965,
user980,Jose Garza,2717 Raccoon Run,98116,206-946-8200,
user981,Elisa Miles,4490 Union Street,98109,206-922-0882,
user982,Maya Data,4936 Elliot Avenue,98115,206-777-1927,
user983,Andy Norris,348 Terra Street,98501,206-309-2533,
user984,Flor Matatena,885 Boone Crockett Lane,97209,206-414-2629,
user985,Dan Sounders,861 Honeysuckle Lane,98244,206-279-1723,
user986,Leo Dembele,2725 Mutton Town Road,98368,206-203-1294,
user987,Pete Nicholas,668 Elliot Avenue,98115,206-279-8759,
user988,Shirlene Harris,4329 Honeysuckle Lane,98055,206-279-5340,
user989,Nick Rather,4679 Goodwin Avenue,98619,206-777-1965,
user990,Jose Garza,2717 Raccoon Run,98116,206-946-8200,
