Elisa Miles,LR04,Leather Sofa,25.00
Edward Data,KT78,Kitchen Table,10.00
Alex Gonzales,BR02,Queen Mattress,17.00
Elisa Miles,LR04,Leather Sofa,25.00
Edward Data,KT78,Kitchen Table,10.00
Alex Gonzales,BR02,Queen Mattress,17.00
Elisa Miles,LR04,Leather Sofa,25.00
Edward Data,KT78,Kitchen Table,10.00
Alex Gonzales,BR02,Queen Mattress,17.00
Elisa Miles,LR04,Leather Sofa,25.00
Edward Data,KT78,Kitchen Table,10.00
Alex Gonzales,BR02,Queen Mattress,17.00
Elisa Miles,LR04,Leather Sofa,25.00
Edward Data,KT78,Kitchen Table,10.00
Alex Gonzales,BR02,Queen Mattress,17.00
Elisa Miles,LR04,Leather Sofa,25.00
Edward Data,KT78,Kitchen Table,10.00
Alex Gonzales,BR02,Queen Mattress,17.00
Elisa Miles,LR04,Leather Sofa,25.0
Edward Data,KT78,Kitchen Table,10.0
Alex Gonzales,BR02,Queen Mattress,17.0
Elisa Miles,LR04,Leather Sofa,25.0
Edward Data,KT78,Kitchen Table,10.0
Alex Gonzales,BR02,Queen Mattress,17.0
Susan Wong,GH9S,Lamp,200.0
Susan Wong,L4J9,Table,4000.0
Susan Wong,GH9S,Lamp,200.0
Susan Wong,L4J9,Table,4000.0
Elisa Miles,LR04,Leather Sofa,25.0
Edward Data,KT78,Kitchen Table,10.0
Alex Gonzales,BR02,Queen Mattress,17.0
Susan Wong,GH9S,Lamp,200.0
Susan Wong,L4J9,Table,4000.0
Susan Wong,GH9S,Lamp,200.0
Susan Wong,L4J9,Table,4000.0
Susan Wong,GH9S,Lamp,200.0
Susan Wong,L4J9,Table,4000.0
Elisa Miles,LR04,Leather Sofa,25.0
Edward Data,KT78,Kitchen Table,10.0
Alex Gonzales,BR02,Queen Mattress,17.0
Elisa Miles,LR04,Leather Sofa,25.0
Edward Data,KT78,Kitchen Table,10.0
Alex Gonzales,BR02,Queen Mattress,17.0
Elisa Miles,LR04,Leather Sofa,25.0
Edward Data,KT78,Kitchen Table,10.0
Alex Gonzales,BR02,Queen Mattress,17.0
